<?xml version="1.0" encoding="utf-8"?>
<!-- Copyright 2020-TODAY WSuite Products <wsuite-products@wsuite.com>
     License AGPL-3.0 or later (http://www.gnu.org/licenses/agpl.html). -->
<odoo>
  <record id="hr_payroll_structure_1" model="hr.payroll.structure">
    <field name="name">BASE NOVEDADES</field>
    <field name="code">BD</field>
    <field name="rule_ids" eval="[(4, ref('hr_salary_rule_19')),(4, ref('hr_salary_rule_20')),(4, ref('hr_salary_rule_21')),(4, ref('hr_salary_rule_24')),(4, ref('hr_salary_rule_25')),(4, ref('hr_salary_rule_26')),(4, ref('hr_salary_rule_27')),(4, ref('hr_salary_rule_28')),(4, ref('hr_salary_rule_29')),(4, ref('hr_salary_rule_30')),(4, ref('hr_salary_rule_31')),(4, ref('hr_salary_rule_32')),(4, ref('hr_salary_rule_33')),(4, ref('hr_salary_rule_35')),(4, ref('hr_salary_rule_36')),(4, ref('hr_salary_rule_37')),(4, ref('hr_salary_rule_41')),(4, ref('hr_salary_rule_42')),(4, ref('hr_salary_rule_59')),(4, ref('hr_salary_rule_62')),(4, ref('hr_salary_rule_66')),(4, ref('hr_salary_rule_68')),(4, ref('hr_salary_rule_69')),(4, ref('hr_salary_rule_70')),(4, ref('hr_salary_rule_71')),(4, ref('hr_salary_rule_87')),(4, ref('hr_salary_rule_91')),(4, ref('hr_salary_rule_92')),(4, ref('hr_salary_rule_93')),(4, ref('hr_salary_rule_95')),(4, ref('hr_salary_rule_98')),(4, ref('hr_salary_rule_100')),(4, ref('hr_salary_rule_101')),(4, ref('hr_salary_rule_103')),(4, ref('hr_salary_rule_104')),(4, ref('hr_salary_rule_105')),(4, ref('hr_salary_rule_106')),(4, ref('hr_salary_rule_107')),(4, ref('hr_salary_rule_108')),(4, ref('hr_salary_rule_109')),(4, ref('hr_salary_rule_111')),(4, ref('hr_salary_rule_112')),(4, ref('hr_salary_rule_113')),(4, ref('hr_salary_rule_115')),(4, ref('hr_salary_rule_116')),(4, ref('hr_salary_rule_117')),(4, ref('hr_salary_rule_118')),(4, ref('hr_salary_rule_119')),(4, ref('hr_salary_rule_120')),(4, ref('hr_salary_rule_121')),(4, ref('hr_salary_rule_122')),(4, ref('hr_salary_rule_123')),(4, ref('hr_salary_rule_124')),(4, ref('hr_salary_rule_125')),(4, ref('hr_salary_rule_126')),(4, ref('hr_salary_rule_133')),(4, ref('hr_salary_rule_135')),(4, ref('hr_salary_rule_136')),(4, ref('hr_salary_rule_137')),(4, ref('hr_salary_rule_138')),(4, ref('hr_salary_rule_139')),(4, ref('hr_salary_rule_140')),(4, ref('hr_salary_rule_142')),(4, ref('hr_salary_rule_143')),(4, ref('hr_salary_rule_144')),(4, ref('hr_salary_rule_145')),(4, ref('hr_salary_rule_146')),(4, ref('hr_salary_rule_147')),(4, ref('hr_salary_rule_148')),(4, ref('hr_salary_rule_149')),(4, ref('hr_salary_rule_150')),(4, ref('hr_salary_rule_151')),(4, ref('hr_salary_rule_152')),(4, ref('hr_salary_rule_153')),(4, ref('hr_salary_rule_154')),(4, ref('hr_salary_rule_156')),(4, ref('hr_salary_rule_160')),(4, ref('hr_salary_rule_161')),(4, ref('hr_salary_rule_163')),(4, ref('hr_salary_rule_164')),(4, ref('hr_salary_rule_165')),(4, ref('hr_salary_rule_166')),(4, ref('hr_salary_rule_167')),(4, ref('hr_salary_rule_168')),(4, ref('hr_salary_rule_169')),(4, ref('hr_salary_rule_170')),(4, ref('hr_salary_rule_171')),(4, ref('hr_salary_rule_173')),(4, ref('hr_salary_rule_174')),(4, ref('hr_salary_rule_175')),(4, ref('hr_salary_rule_176')),(4, ref('hr_salary_rule_177')),(4, ref('hr_salary_rule_181')),(4, ref('hr_salary_rule_182')),(4, ref('hr_salary_rule_183')),(4, ref('hr_salary_rule_184')),(4, ref('hr_salary_rule_186')),(4, ref('hr_salary_rule_187'))]"/>
  </record>
  <record id="hr_payroll_structure_2" model="hr.payroll.structure">
    <field name="name">Base for new structures</field>
    <field name="code">BASE</field>
    <field name="rule_ids" eval="[(4, ref('hr_salary_rule_10')),(4, ref('hr_salary_rule_76')),(4, ref('hr_salary_rule_77')),(4, ref('hr_salary_rule_78')),(4, ref('hr_salary_rule_91')),(4, ref('hr_salary_rule_93')),(4, ref('hr_salary_rule_94')),(4, ref('hr_salary_rule_127')),(4, ref('hr_salary_rule_129')),(4, ref('hr_salary_rule_131')),(4, ref('hr_salary_rule_188'))]"/>
  </record>
  <record id="hr_payroll_structure_3" model="hr.payroll.structure">
    <field name="name">NUEVO FLEX</field>
    <field name="code">NUEVOFLEX</field>
    <field name="parent_id" ref="hr_payroll_structure_1"/>
    <field name="rule_ids" eval="[(4, ref('hr_salary_rule_8')),(4, ref('hr_salary_rule_13')),(4, ref('hr_salary_rule_22')),(4, ref('hr_salary_rule_43')),(4, ref('hr_salary_rule_44')),(4, ref('hr_salary_rule_46')),(4, ref('hr_salary_rule_47')),(4, ref('hr_salary_rule_49')),(4, ref('hr_salary_rule_50')),(4, ref('hr_salary_rule_51')),(4, ref('hr_salary_rule_52')),(4, ref('hr_salary_rule_53')),(4, ref('hr_salary_rule_54')),(4, ref('hr_salary_rule_56')),(4, ref('hr_salary_rule_57')),(4, ref('hr_salary_rule_58')),(4, ref('hr_salary_rule_63')),(4, ref('hr_salary_rule_231')),(4, ref('hr_salary_rule_232')),(4, ref('hr_salary_rule_73')),(4, ref('hr_salary_rule_75')),(4, ref('hr_salary_rule_76')),(4, ref('hr_salary_rule_77')),(4, ref('hr_salary_rule_78')),(4, ref('hr_salary_rule_99')),(4, ref('hr_salary_rule_127')),(4, ref('hr_salary_rule_129')),(4, ref('hr_salary_rule_131')),(4, ref('hr_salary_rule_141')),(4, ref('hr_salary_rule_155')),(4, ref('hr_salary_rule_227')),(4, ref('hr_salary_rule_228')),(4, ref('hr_salary_rule_229')),(4, ref('hr_salary_rule_230')),(4, ref('hr_salary_rule_188')),(4, ref('hr_salary_rule_189')),(4, ref('hr_salary_rule_191')),(4, ref('hr_salary_rule_193')),(4, ref('hr_salary_rule_195')),(4, ref('hr_salary_rule_197')),(4, ref('hr_salary_rule_199')),(4, ref('hr_salary_rule_201')),(4, ref('hr_salary_rule_202')),(4, ref('hr_salary_rule_203')),(4, ref('hr_salary_rule_205')),(4, ref('hr_salary_rule_207')),(4, ref('hr_salary_rule_208')),(4, ref('hr_salary_rule_209')),(4, ref('hr_salary_rule_211')),(4, ref('hr_salary_rule_219')),(4, ref('hr_salary_rule_221')),(4, ref('hr_salary_rule_222')),(4, ref('hr_salary_rule_218')),(4, ref('hr_salary_rule_220'))]"/>
  </record>
  <record id="hr_payroll_structure_4" model="hr.payroll.structure">
    <field name="name">TRADICIONAL</field>
    <field name="code">TRAD</field>
    <field name="parent_id" ref="hr_payroll_structure_1"/>
    <field name="rule_ids" eval="[(4, ref('hr_salary_rule_8')),(4, ref('hr_salary_rule_13')),(4, ref('hr_salary_rule_22')),(4, ref('hr_salary_rule_43')),(4, ref('hr_salary_rule_44')),(4, ref('hr_salary_rule_45')),(4, ref('hr_salary_rule_46')),(4, ref('hr_salary_rule_47')),(4, ref('hr_salary_rule_48')),(4, ref('hr_salary_rule_51')),(4, ref('hr_salary_rule_52')),(4, ref('hr_salary_rule_53')),(4, ref('hr_salary_rule_54')),(4, ref('hr_salary_rule_56')),(4, ref('hr_salary_rule_57')),(4, ref('hr_salary_rule_58')),(4, ref('hr_salary_rule_60')),(4, ref('hr_salary_rule_64')),(4, ref('hr_salary_rule_67')),(4, ref('hr_salary_rule_127')),(4, ref('hr_salary_rule_129')),(4, ref('hr_salary_rule_131')),(4, ref('hr_salary_rule_188')),(4, ref('hr_salary_rule_189')),(4, ref('hr_salary_rule_191')),(4, ref('hr_salary_rule_193')),(4, ref('hr_salary_rule_195')),(4, ref('hr_salary_rule_197')),(4, ref('hr_salary_rule_199')),(4, ref('hr_salary_rule_201')),(4, ref('hr_salary_rule_202')),(4, ref('hr_salary_rule_203')),(4, ref('hr_salary_rule_205')),(4, ref('hr_salary_rule_207')),(4, ref('hr_salary_rule_208')),(4, ref('hr_salary_rule_209')),(4, ref('hr_salary_rule_211')),(4, ref('hr_salary_rule_218')),(4, ref('hr_salary_rule_219')),(4, ref('hr_salary_rule_220')),(4, ref('hr_salary_rule_221')),(4, ref('hr_salary_rule_222'))]"/>
  </record>
  <record id="hr_payroll_structure_5" model="hr.payroll.structure">
    <field name="name">ANTIGUO FLEX - DESINTEGRALIZADO</field>
    <field name="code">VARIOS</field>
    <field name="parent_id" ref="hr_payroll_structure_1"/>
    <field name="rule_ids" eval="[(4, ref('hr_salary_rule_8')),(4, ref('hr_salary_rule_13')),(4, ref('hr_salary_rule_43')),(4, ref('hr_salary_rule_46')),(4, ref('hr_salary_rule_47')),(4, ref('hr_salary_rule_49')),(4, ref('hr_salary_rule_51')),(4, ref('hr_salary_rule_52')),(4, ref('hr_salary_rule_53')),(4, ref('hr_salary_rule_54')),(4, ref('hr_salary_rule_56')),(4, ref('hr_salary_rule_57')),(4, ref('hr_salary_rule_58')),(4, ref('hr_salary_rule_61')),(4, ref('hr_salary_rule_65')),(4, ref('hr_salary_rule_74')),(4, ref('hr_salary_rule_79')),(4, ref('hr_salary_rule_80')),(4, ref('hr_salary_rule_81')),(4, ref('hr_salary_rule_127')),(4, ref('hr_salary_rule_129')),(4, ref('hr_salary_rule_157')),(4, ref('hr_salary_rule_158')),(4, ref('hr_salary_rule_159')),(4, ref('hr_salary_rule_188')),(4, ref('hr_salary_rule_189')),(4, ref('hr_salary_rule_191')),(4, ref('hr_salary_rule_193')),(4, ref('hr_salary_rule_195')),(4, ref('hr_salary_rule_197')),(4, ref('hr_salary_rule_199')),(4, ref('hr_salary_rule_201')),(4, ref('hr_salary_rule_202')),(4, ref('hr_salary_rule_203')),(4, ref('hr_salary_rule_205')),(4, ref('hr_salary_rule_207')),(4, ref('hr_salary_rule_208')),(4, ref('hr_salary_rule_209')),(4, ref('hr_salary_rule_211')),(4, ref('hr_salary_rule_218')),(4, ref('hr_salary_rule_219')),(4, ref('hr_salary_rule_220')),(4, ref('hr_salary_rule_221')),(4, ref('hr_salary_rule_222')),(4, ref('hr_salary_rule_231')),(4, ref('hr_salary_rule_232'))]"/>
  </record>
  <record id="hr_payroll_structure_6" model="hr.payroll.structure">
    <field name="name">ANTIGUO FLEX</field>
    <field name="code">ANTFLEX</field>
    <field name="parent_id" ref="hr_payroll_structure_1"/>
    <field name="rule_ids" eval="[(4, ref('hr_salary_rule_8')),(4, ref('hr_salary_rule_13')),(4, ref('hr_salary_rule_22')),(4, ref('hr_salary_rule_43')),(4, ref('hr_salary_rule_44')),(4, ref('hr_salary_rule_46')),(4, ref('hr_salary_rule_47')),(4, ref('hr_salary_rule_48')),(4, ref('hr_salary_rule_51')),(4, ref('hr_salary_rule_52')),(4, ref('hr_salary_rule_53')),(4, ref('hr_salary_rule_54')),(4, ref('hr_salary_rule_56')),(4, ref('hr_salary_rule_57')),(4, ref('hr_salary_rule_58')),(4, ref('hr_salary_rule_60')),(4, ref('hr_salary_rule_63')),(4, ref('hr_salary_rule_64')),(4, ref('hr_salary_rule_67')),(4, ref('hr_salary_rule_73')),(4, ref('hr_salary_rule_74')),(4, ref('hr_salary_rule_75')),(4, ref('hr_salary_rule_76')),(4, ref('hr_salary_rule_77')),(4, ref('hr_salary_rule_78')),(4, ref('hr_salary_rule_79')),(4, ref('hr_salary_rule_80')),(4, ref('hr_salary_rule_81')),(4, ref('hr_salary_rule_85')),(4, ref('hr_salary_rule_99')),(4, ref('hr_salary_rule_127')),(4, ref('hr_salary_rule_129')),(4, ref('hr_salary_rule_131')),(4, ref('hr_salary_rule_141')),(4, ref('hr_salary_rule_155')),(4, ref('hr_salary_rule_157')),(4, ref('hr_salary_rule_158')),(4, ref('hr_salary_rule_159')),(4, ref('hr_salary_rule_188')),(4, ref('hr_salary_rule_189')),(4, ref('hr_salary_rule_191')),(4, ref('hr_salary_rule_193')),(4, ref('hr_salary_rule_195')),(4, ref('hr_salary_rule_197')),(4, ref('hr_salary_rule_199')),(4, ref('hr_salary_rule_201')),(4, ref('hr_salary_rule_202')),(4, ref('hr_salary_rule_203')),(4, ref('hr_salary_rule_205')),(4, ref('hr_salary_rule_207')),(4, ref('hr_salary_rule_208')),(4, ref('hr_salary_rule_209')),(4, ref('hr_salary_rule_211')),(4, ref('hr_salary_rule_219')),(4, ref('hr_salary_rule_221')),(4, ref('hr_salary_rule_222'))]"/>
  </record>
  <record id="hr_payroll_structure_7" model="hr.payroll.structure">
    <field name="name">SALARIO INTEGRAL NUEVO FLEX</field>
    <field name="code">SALINTE</field>
    <field name="parent_id" ref="hr_payroll_structure_1"/>
    <field name="rule_ids" eval="[(4, ref('hr_salary_rule_9')),(4, ref('hr_salary_rule_14')),(4, ref('hr_salary_rule_48')),(4, ref('hr_salary_rule_55')),(4, ref('hr_salary_rule_63')),(4, ref('hr_salary_rule_232')),(4, ref('hr_salary_rule_73')),(4, ref('hr_salary_rule_75')),(4, ref('hr_salary_rule_76')),(4, ref('hr_salary_rule_77')),(4, ref('hr_salary_rule_78')),(4, ref('hr_salary_rule_99')),(4, ref('hr_salary_rule_128')),(4, ref('hr_salary_rule_130')),(4, ref('hr_salary_rule_132')),(4, ref('hr_salary_rule_141')),(4, ref('hr_salary_rule_155')),(4, ref('hr_salary_rule_230')),(4, ref('hr_salary_rule_188')),(4, ref('hr_salary_rule_190')),(4, ref('hr_salary_rule_192')),(4, ref('hr_salary_rule_194')),(4, ref('hr_salary_rule_196')),(4, ref('hr_salary_rule_198')),(4, ref('hr_salary_rule_200')),(4, ref('hr_salary_rule_204'))]"/>
  </record>
  <record id="hr_payroll_structure_8" model="hr.payroll.structure">
    <field name="name">APRENDIZ ETAPA LECTIVA</field>
    <field name="code">SENA-E.Lec</field>
    <field name="rule_ids" eval="[(4, ref('hr_salary_rule_11')),(4, ref('hr_salary_rule_126')),(4, ref('hr_salary_rule_188')),(4, ref('hr_salary_rule_214'))]"/>
  </record>
  <record id="hr_payroll_structure_9" model="hr.payroll.structure">
    <field name="name">SALARIO INTEGRAL ANT FLEX SIN GANA GANA</field>
    <field name="code">S.I.-A.F-S.G.G</field>
    <field name="parent_id" ref="hr_payroll_structure_1"/>
    <field name="rule_ids" eval="[(4, ref('hr_salary_rule_9')),(4, ref('hr_salary_rule_14')),(4, ref('hr_salary_rule_48')),(4, ref('hr_salary_rule_55')),(4, ref('hr_salary_rule_60')),(4, ref('hr_salary_rule_64')),(4, ref('hr_salary_rule_232')),(4, ref('hr_salary_rule_73')),(4, ref('hr_salary_rule_74')),(4, ref('hr_salary_rule_75')),(4, ref('hr_salary_rule_76')),(4, ref('hr_salary_rule_77')),(4, ref('hr_salary_rule_78')),(4, ref('hr_salary_rule_84')),(4, ref('hr_salary_rule_99')),(4, ref('hr_salary_rule_128')),(4, ref('hr_salary_rule_130')),(4, ref('hr_salary_rule_132')),(4, ref('hr_salary_rule_141')),(4, ref('hr_salary_rule_155')),(4, ref('hr_salary_rule_158')),(4, ref('hr_salary_rule_84')),(4, ref('hr_salary_rule_230')),(4, ref('hr_salary_rule_188')),(4, ref('hr_salary_rule_190')),(4, ref('hr_salary_rule_192')),(4, ref('hr_salary_rule_194')),(4, ref('hr_salary_rule_196')),(4, ref('hr_salary_rule_198')),(4, ref('hr_salary_rule_200')),(4, ref('hr_salary_rule_204'))]"/>
  </record>
  <record id="hr_payroll_structure_10" model="hr.payroll.structure">
    <field name="name">SALARIO INTEGRAL ANT FLEX CON GANA GANA</field>
    <field name="code">S.I.-A.F-C.G.G</field>
    <field name="parent_id" ref="hr_payroll_structure_1"/>
    <field name="rule_ids" eval="[(4, ref('hr_salary_rule_9')),(4, ref('hr_salary_rule_14')),(4, ref('hr_salary_rule_48')),(4, ref('hr_salary_rule_55')),(4, ref('hr_salary_rule_60')),(4, ref('hr_salary_rule_64')),(4, ref('hr_salary_rule_232')),(4, ref('hr_salary_rule_73')),(4, ref('hr_salary_rule_74')),(4, ref('hr_salary_rule_75')),(4, ref('hr_salary_rule_76')),(4, ref('hr_salary_rule_77')),(4, ref('hr_salary_rule_78')),(4, ref('hr_salary_rule_82')),(4, ref('hr_salary_rule_84')),(4, ref('hr_salary_rule_86')),(4, ref('hr_salary_rule_99')),(4, ref('hr_salary_rule_233')),(4, ref('hr_salary_rule_128')),(4, ref('hr_salary_rule_130')),(4, ref('hr_salary_rule_132')),(4, ref('hr_salary_rule_141')),(4, ref('hr_salary_rule_155')),(4, ref('hr_salary_rule_158')),(4, ref('hr_salary_rule_84')),(4, ref('hr_salary_rule_230')),(4, ref('hr_salary_rule_188')),(4, ref('hr_salary_rule_190')),(4, ref('hr_salary_rule_192')),(4, ref('hr_salary_rule_194')),(4, ref('hr_salary_rule_196')),(4, ref('hr_salary_rule_198')),(4, ref('hr_salary_rule_200')),(4, ref('hr_salary_rule_204'))]"/>
  </record>
  <record id="hr_payroll_structure_11" model="hr.payroll.structure">
    <field name="name">SALARIO INTEGRAL TRADICIONAL</field>
    <field name="code">S.I.T</field>
    <field name="parent_id" ref="hr_payroll_structure_1"/>
    <field name="rule_ids" eval="[(4, ref('hr_salary_rule_9')),(4, ref('hr_salary_rule_14')),(4, ref('hr_salary_rule_48')),(4, ref('hr_salary_rule_52')),(4, ref('hr_salary_rule_53')),(4, ref('hr_salary_rule_55')),(4, ref('hr_salary_rule_60')),(4, ref('hr_salary_rule_64')),(4, ref('hr_salary_rule_67')),(4, ref('hr_salary_rule_232')),(4, ref('hr_salary_rule_128')),(4, ref('hr_salary_rule_130')),(4, ref('hr_salary_rule_132')),(4, ref('hr_salary_rule_230')),(4, ref('hr_salary_rule_188')),(4, ref('hr_salary_rule_190')),(4, ref('hr_salary_rule_192')),(4, ref('hr_salary_rule_194')),(4, ref('hr_salary_rule_196')),(4, ref('hr_salary_rule_198')),(4, ref('hr_salary_rule_200')),(4, ref('hr_salary_rule_204'))]"/>
  </record>
  <record id="hr_payroll_structure_12" model="hr.payroll.structure">
    <field name="name">APRENDIZ ETAPA PRODUCTIVA</field>
    <field name="code">SENA-E.Prod</field>
    <field name="rule_ids" eval="[(4, ref('hr_salary_rule_10')),(4, ref('hr_salary_rule_31')),(4, ref('hr_salary_rule_36')),(4, ref('hr_salary_rule_114')),(4, ref('hr_salary_rule_126')),(4, ref('hr_salary_rule_137')),(4, ref('hr_salary_rule_138')),(4, ref('hr_salary_rule_145')),(4, ref('hr_salary_rule_160')),(4, ref('hr_salary_rule_187')),(4, ref('hr_salary_rule_188')),(4, ref('hr_salary_rule_213')),(4, ref('hr_salary_rule_216'))]"/>
  </record>
  <record id="hr_payroll_structure_13" model="hr.payroll.structure">
    <field name="name">ANTIGUO FLEX SIN GANA GANA</field>
    <field name="code">ANTFLEXSINGANAGANA</field>
    <field name="parent_id" ref="hr_payroll_structure_1"/>
    <field name="rule_ids" eval="[(4, ref('hr_salary_rule_8')),(4, ref('hr_salary_rule_13')),(4, ref('hr_salary_rule_22')),(4, ref('hr_salary_rule_43')),(4, ref('hr_salary_rule_44')),(4, ref('hr_salary_rule_46')),(4, ref('hr_salary_rule_47')),(4, ref('hr_salary_rule_49')),(4, ref('hr_salary_rule_51')),(4, ref('hr_salary_rule_52')),(4, ref('hr_salary_rule_53')),(4, ref('hr_salary_rule_54')),(4, ref('hr_salary_rule_56')),(4, ref('hr_salary_rule_57')),(4, ref('hr_salary_rule_58')),(4, ref('hr_salary_rule_60')),(4, ref('hr_salary_rule_64')),(4, ref('hr_salary_rule_67')),(4, ref('hr_salary_rule_231')),(4, ref('hr_salary_rule_232')),(4, ref('hr_salary_rule_73')),(4, ref('hr_salary_rule_74')),(4, ref('hr_salary_rule_75')),(4, ref('hr_salary_rule_76')),(4, ref('hr_salary_rule_77')),(4, ref('hr_salary_rule_78')),(4, ref('hr_salary_rule_79')),(4, ref('hr_salary_rule_80')),(4, ref('hr_salary_rule_85')),(4, ref('hr_salary_rule_99')),(4, ref('hr_salary_rule_127')),(4, ref('hr_salary_rule_129')),(4, ref('hr_salary_rule_131')),(4, ref('hr_salary_rule_141')),(4, ref('hr_salary_rule_155')),(4, ref('hr_salary_rule_157')),(4, ref('hr_salary_rule_158')),(4, ref('hr_salary_rule_159')),(4, ref('hr_salary_rule_227')),(4, ref('hr_salary_rule_228')),(4, ref('hr_salary_rule_229')),(4, ref('hr_salary_rule_230')),(4, ref('hr_salary_rule_188')),(4, ref('hr_salary_rule_189')),(4, ref('hr_salary_rule_191')),(4, ref('hr_salary_rule_193')),(4, ref('hr_salary_rule_195')),(4, ref('hr_salary_rule_197')),(4, ref('hr_salary_rule_199')),(4, ref('hr_salary_rule_201')),(4, ref('hr_salary_rule_202')),(4, ref('hr_salary_rule_203')),(4, ref('hr_salary_rule_205')),(4, ref('hr_salary_rule_207')),(4, ref('hr_salary_rule_208')),(4, ref('hr_salary_rule_209')),(4, ref('hr_salary_rule_211')),(4, ref('hr_salary_rule_219')),(4, ref('hr_salary_rule_221')),(4, ref('hr_salary_rule_222')),(4, ref('hr_salary_rule_218')),(4, ref('hr_salary_rule_220'))]"/>
  </record>
  <record id="hr_payroll_structure_14" model="hr.payroll.structure">
    <field name="name">PASANTE DE UNIVERSIDAD</field>
    <field name="code">PASANTEUNIVERSIDAD</field>
    <field name="rule_ids" eval="[(4, ref('hr_salary_rule_34')),(4, ref('hr_salary_rule_126')),(4, ref('hr_salary_rule_188')),(4, ref('hr_salary_rule_216'))]"/>
  </record>
  <record id="hr_payroll_structure_15" model="hr.payroll.structure">
    <field name="name">TRADICIONAL CON AUX RODAMIENTO</field>
    <field name="code">TRADAUXROD</field>
    <field name="parent_id" ref="hr_payroll_structure_1"/>
    <field name="rule_ids" eval="[(4, ref('hr_salary_rule_8')),(4, ref('hr_salary_rule_13')),(4, ref('hr_salary_rule_22')),(4, ref('hr_salary_rule_43')),(4, ref('hr_salary_rule_46')),(4, ref('hr_salary_rule_47')),(4, ref('hr_salary_rule_51')),(4, ref('hr_salary_rule_52')),(4, ref('hr_salary_rule_53')),(4, ref('hr_salary_rule_54')),(4, ref('hr_salary_rule_56')),(4, ref('hr_salary_rule_57')),(4, ref('hr_salary_rule_58')),(4, ref('hr_salary_rule_60')),(4, ref('hr_salary_rule_64')),(4, ref('hr_salary_rule_231')),(4, ref('hr_salary_rule_232')),(4, ref('hr_salary_rule_94')),(4, ref('hr_salary_rule_127')),(4, ref('hr_salary_rule_129')),(4, ref('hr_salary_rule_131')),(4, ref('hr_salary_rule_227')),(4, ref('hr_salary_rule_228')),(4, ref('hr_salary_rule_229')),(4, ref('hr_salary_rule_230')),(4, ref('hr_salary_rule_188')),(4, ref('hr_salary_rule_189')),(4, ref('hr_salary_rule_191')),(4, ref('hr_salary_rule_193')),(4, ref('hr_salary_rule_195')),(4, ref('hr_salary_rule_197')),(4, ref('hr_salary_rule_199')),(4, ref('hr_salary_rule_201')),(4, ref('hr_salary_rule_202')),(4, ref('hr_salary_rule_203')),(4, ref('hr_salary_rule_205')),(4, ref('hr_salary_rule_207')),(4, ref('hr_salary_rule_208')),(4, ref('hr_salary_rule_209')),(4, ref('hr_salary_rule_211')),(4, ref('hr_salary_rule_219')),(4, ref('hr_salary_rule_221')),(4, ref('hr_salary_rule_222')),(4, ref('hr_salary_rule_218')),(4, ref('hr_salary_rule_220'))]"/>
  </record>
  <record id="hr_payroll_structure_16" model="hr.payroll.structure">
    <field name="name">SALARIO INTEGRAL ANT FLEX SIN GANA GANA-APR INS EMPR</field>
    <field name="code">S.I.-A.F-S.G.G -A-I-E</field>
    <field name="parent_id" ref="hr_payroll_structure_1"/>
    <field name="rule_ids" eval="[(4, ref('hr_salary_rule_9')),(4, ref('hr_salary_rule_14')),(4, ref('hr_salary_rule_48')),(4, ref('hr_salary_rule_55')),(4, ref('hr_salary_rule_60')),(4, ref('hr_salary_rule_64')),(4, ref('hr_salary_rule_73')),(4, ref('hr_salary_rule_74')),(4, ref('hr_salary_rule_75')),(4, ref('hr_salary_rule_76')),(4, ref('hr_salary_rule_77')),(4, ref('hr_salary_rule_78')),(4, ref('hr_salary_rule_99')),(4, ref('hr_salary_rule_128')),(4, ref('hr_salary_rule_130')),(4, ref('hr_salary_rule_132')),(4, ref('hr_salary_rule_141')),(4, ref('hr_salary_rule_155')),(4, ref('hr_salary_rule_158')),(4, ref('hr_salary_rule_188')),(4, ref('hr_salary_rule_190')),(4, ref('hr_salary_rule_192')),(4, ref('hr_salary_rule_194')),(4, ref('hr_salary_rule_196')),(4, ref('hr_salary_rule_198')),(4, ref('hr_salary_rule_200')),(4, ref('hr_salary_rule_204')),(4, ref('hr_salary_rule_232')),(4, ref('hr_salary_rule_230'))]"/>
  </record>
  <record id="hr_payroll_structure_17" model="hr.payroll.structure">
    <field name="name">APRENDIZ ETAPA LECTIVA Y PRODUCTIVA</field>
    <field name="code">SENA-E.Lect- E.Prod</field>
    <field name="rule_ids" eval="[(4, ref('hr_salary_rule_10')),(4, ref('hr_salary_rule_12')),(4, ref('hr_salary_rule_31')),(4, ref('hr_salary_rule_36')),(4, ref('hr_salary_rule_126')),(4, ref('hr_salary_rule_188')),(4, ref('hr_salary_rule_191')),(4, ref('hr_salary_rule_204'))]"/>
  </record>
  <record id="hr_payroll_structure_18" model="hr.payroll.structure">
    <field name="name">ANTIGUO FLEX SIN GANA GANA DESINTEGRALIZADOS</field>
    <field name="code">ANTFLEXSINGANAGANADESINTEGRALIZADOS</field>
    <field name="parent_id" ref="hr_payroll_structure_1"/>
    <field name="rule_ids" eval="[(4, ref('hr_salary_rule_8')),(4, ref('hr_salary_rule_13')),(4, ref('hr_salary_rule_22')),(4, ref('hr_salary_rule_43')),(4, ref('hr_salary_rule_46')),(4, ref('hr_salary_rule_47')),(4, ref('hr_salary_rule_49')),(4, ref('hr_salary_rule_51')),(4, ref('hr_salary_rule_52')),(4, ref('hr_salary_rule_53')),(4, ref('hr_salary_rule_54')),(4, ref('hr_salary_rule_56')),(4, ref('hr_salary_rule_57')),(4, ref('hr_salary_rule_58')),(4, ref('hr_salary_rule_61')),(4, ref('hr_salary_rule_65')),(4, ref('hr_salary_rule_73')),(4, ref('hr_salary_rule_74')),(4, ref('hr_salary_rule_75')),(4, ref('hr_salary_rule_76')),(4, ref('hr_salary_rule_77')),(4, ref('hr_salary_rule_78')),(4, ref('hr_salary_rule_80')),(4, ref('hr_salary_rule_85')),(4, ref('hr_salary_rule_88')),(4, ref('hr_salary_rule_99')),(4, ref('hr_salary_rule_110')),(4, ref('hr_salary_rule_127')),(4, ref('hr_salary_rule_129')),(4, ref('hr_salary_rule_131')),(4, ref('hr_salary_rule_141')),(4, ref('hr_salary_rule_155')),(4, ref('hr_salary_rule_158')),(4, ref('hr_salary_rule_159')),(4, ref('hr_salary_rule_178')),(4, ref('hr_salary_rule_227')),(4, ref('hr_salary_rule_228')),(4, ref('hr_salary_rule_229')),(4, ref('hr_salary_rule_230')),(4, ref('hr_salary_rule_188')),(4, ref('hr_salary_rule_189')),(4, ref('hr_salary_rule_191')),(4, ref('hr_salary_rule_193')),(4, ref('hr_salary_rule_195')),(4, ref('hr_salary_rule_197')),(4, ref('hr_salary_rule_199')),(4, ref('hr_salary_rule_201')),(4, ref('hr_salary_rule_202')),(4, ref('hr_salary_rule_203')),(4, ref('hr_salary_rule_205')),(4, ref('hr_salary_rule_207')),(4, ref('hr_salary_rule_208')),(4, ref('hr_salary_rule_209')),(4, ref('hr_salary_rule_211')),(4, ref('hr_salary_rule_219')),(4, ref('hr_salary_rule_221')),(4, ref('hr_salary_rule_222')),(4, ref('hr_salary_rule_231')),(4, ref('hr_salary_rule_232')),(4, ref('hr_salary_rule_218')),(4, ref('hr_salary_rule_220'))]"/>
  </record>
  <record id="hr_payroll_structure_22" model="hr.payroll.structure">
    <field name="name">ANTIGUO FLEX SIN GANA GANA HIBRIDO</field>
    <field name="code">ANTFLEXSINGANAGANAHIBR</field>
    <field name="parent_id" ref="hr_payroll_structure_1"/>
    <field name="rule_ids" eval="[(4, ref('hr_salary_rule_8')),(4, ref('hr_salary_rule_13')),(4, ref('hr_salary_rule_22')),(4, ref('hr_salary_rule_43')),(4, ref('hr_salary_rule_46')),(4, ref('hr_salary_rule_47')),(4, ref('hr_salary_rule_49')),(4, ref('hr_salary_rule_51')),(4, ref('hr_salary_rule_52')),(4, ref('hr_salary_rule_53')),(4, ref('hr_salary_rule_54')),(4, ref('hr_salary_rule_56')),(4, ref('hr_salary_rule_57')),(4, ref('hr_salary_rule_58')),(4, ref('hr_salary_rule_60')),(4, ref('hr_salary_rule_64')),(4, ref('hr_salary_rule_73')),(4, ref('hr_salary_rule_74')),(4, ref('hr_salary_rule_75')),(4, ref('hr_salary_rule_76')),(4, ref('hr_salary_rule_77')),(4, ref('hr_salary_rule_78')),(4, ref('hr_salary_rule_85')),(4, ref('hr_salary_rule_89')),(4, ref('hr_salary_rule_90')),(4, ref('hr_salary_rule_99')),(4, ref('hr_salary_rule_127')),(4, ref('hr_salary_rule_129')),(4, ref('hr_salary_rule_131')),(4, ref('hr_salary_rule_141')),(4, ref('hr_salary_rule_155')),(4, ref('hr_salary_rule_158')),(4, ref('hr_salary_rule_179')),(4, ref('hr_salary_rule_180')),(4, ref('hr_salary_rule_188')),(4, ref('hr_salary_rule_189')),(4, ref('hr_salary_rule_191')),(4, ref('hr_salary_rule_193')),(4, ref('hr_salary_rule_195')),(4, ref('hr_salary_rule_197')),(4, ref('hr_salary_rule_199')),(4, ref('hr_salary_rule_201')),(4, ref('hr_salary_rule_202')),(4, ref('hr_salary_rule_203')),(4, ref('hr_salary_rule_205')),(4, ref('hr_salary_rule_207')),(4, ref('hr_salary_rule_208')),(4, ref('hr_salary_rule_209')),(4, ref('hr_salary_rule_211')),(4, ref('hr_salary_rule_219')),(4, ref('hr_salary_rule_221')),(4, ref('hr_salary_rule_222')),(4, ref('hr_salary_rule_231')),(4, ref('hr_salary_rule_232'))]"/>
  </record>
  <record id="hr_payroll_structure_23" model="hr.payroll.structure">
    <field name="name">BASE PRUEBAS</field>
    <field name="code">BP</field>
    <field name="rule_ids" eval="[(4, ref('hr_salary_rule_25')),(4, ref('hr_salary_rule_32')),(4, ref('hr_salary_rule_35')),(4, ref('hr_salary_rule_87')),(4, ref('hr_salary_rule_92')),(4, ref('hr_salary_rule_93')),(4, ref('hr_salary_rule_98')),(4, ref('hr_salary_rule_101')),(4, ref('hr_salary_rule_103')),(4, ref('hr_salary_rule_104')),(4, ref('hr_salary_rule_105')),(4, ref('hr_salary_rule_106')),(4, ref('hr_salary_rule_107')),(4, ref('hr_salary_rule_108')),(4, ref('hr_salary_rule_109')),(4, ref('hr_salary_rule_112')),(4, ref('hr_salary_rule_113')),(4, ref('hr_salary_rule_135')),(4, ref('hr_salary_rule_136')),(4, ref('hr_salary_rule_140')),(4, ref('hr_salary_rule_142')),(4, ref('hr_salary_rule_143')),(4, ref('hr_salary_rule_144')),(4, ref('hr_salary_rule_145')),(4, ref('hr_salary_rule_146')),(4, ref('hr_salary_rule_147')),(4, ref('hr_salary_rule_148')),(4, ref('hr_salary_rule_149')),(4, ref('hr_salary_rule_150')),(4, ref('hr_salary_rule_151')),(4, ref('hr_salary_rule_152')),(4, ref('hr_salary_rule_153')),(4, ref('hr_salary_rule_160')),(4, ref('hr_salary_rule_164')),(4, ref('hr_salary_rule_168')),(4, ref('hr_salary_rule_171')),(4, ref('hr_salary_rule_177')),(4, ref('hr_salary_rule_181')),(4, ref('hr_salary_rule_182')),(4, ref('hr_salary_rule_185'))]"/>
  </record>
  <record id="hr_payroll_structure_25" model="hr.payroll.structure">
    <field name="name">APRENDIZ ETAPA PRODUCTIVA 75%</field>
    <field name="code">SENA-E.Prod</field>
    <field name="rule_ids" eval="[(4, ref('hr_salary_rule_31')),(4, ref('hr_salary_rule_36')),(4, ref('hr_salary_rule_40')),(4, ref('hr_salary_rule_114')),(4, ref('hr_salary_rule_126')),(4, ref('hr_salary_rule_137')),(4, ref('hr_salary_rule_138')),(4, ref('hr_salary_rule_145')),(4, ref('hr_salary_rule_160')),(4, ref('hr_salary_rule_187')),(4, ref('hr_salary_rule_188')),(4, ref('hr_salary_rule_213')),(4, ref('hr_salary_rule_216'))]"/>
  </record>
</odoo>
