<?xml version="1.0" encoding="utf-8"?>
<odoo>
    <data>

        <record id="aggregate_avg" model="report.excel.aggregate">
            <field name="code">avg</field>
            <field name="name">AVG</field>
        </record>
        <record id="aggregate_count" model="report.excel.aggregate">
            <field name="code">count</field>
            <field name="name">COUNT</field>
        </record>
        <record id="aggregate_max" model="report.excel.aggregate">
            <field name="code">max</field>
            <field name="name">MAX</field>
        </record>
        <record id="aggregate_min" model="report.excel.aggregate">
            <field name="code">min</field>
            <field name="name">MIN</field>
        </record>
        <record id="aggregate_sum" model="report.excel.aggregate">
            <field name="code">sum</field>
            <field name="name">SUM</field>
        </record>
    </data>
</odoo>
